palette,foreground_role,background_role,foreground,background,contrast_ratio,target
light,text_primary,surface,#263441,#FFFFFF,12.73,4.5
light,text_primary,background,#263441,#F7F6F1,11.76,4.5
light,text_secondary,surface,#596875,#FFFFFF,5.73,4.5
light,text_secondary,background,#596875,#F7F6F1,5.30,4.5
light,text_secondary,selection,#596875,#E7EEF3,4.89,4.5
light,text_disabled,input_disabled,#596875,#F7F6F1,5.30,4.5
light,accent_text,accent,#FFFFFF,#123B63,11.47,4.5
light,text_primary,button_pressed,#263441,#D8DDD9,9.25,4.5
light,success,success_bg,#42644C,#EAF1E9,5.78,4.5
light,warning,warning_bg,#8A4B08,#FAEFDA,5.96,4.5
light,error,error_bg,#A33131,#FBEAEA,5.94,4.5
light,info,info_bg,#123B63,#E7EEF3,9.79,4.5
light,caution,surface,#715A1D,#FFFFFF,6.60,4.5
light,border,surface,#71808B,#FFFFFF,4.07,3
light,border,input,#71808B,#FFFFFF,4.07,3
light,border,background,#71808B,#F7F6F1,3.76,3
light,border_focus,surface,#123B63,#FFFFFF,11.47,3
light,border_focus,input,#123B63,#FFFFFF,11.47,3
light,border_focus,background,#123B63,#F7F6F1,10.60,3
dark,text_primary,surface,#F3F5F6,#1E2D3B,12.86,4.5
dark,text_primary,background,#F3F5F6,#17232F,14.57,4.5
dark,text_secondary,surface,#BAC8D3,#1E2D3B,8.23,4.5
dark,text_secondary,background,#BAC8D3,#17232F,9.33,4.5
dark,text_secondary,selection,#BAC8D3,#304658,5.74,4.5
dark,text_disabled,input_disabled,#A6B5C2,#233444,6.08,4.5
dark,accent_text,accent,#102B46,#8CC6FA,7.95,4.5
dark,text_primary,button_pressed,#F3F5F6,#36536C,7.36,4.5
dark,success,success_bg,#A3C7A9,#233E30,6.27,4.5
dark,warning,warning_bg,#F2BC79,#473722,6.66,4.5
dark,error,error_bg,#FFA5A5,#492B32,6.67,4.5
dark,info,info_bg,#8CC6FA,#233E55,6.12,4.5
dark,caution,surface,#D8BC71,#1E2D3B,7.60,4.5
dark,border,surface,#8295A5,#1E2D3B,4.55,3
dark,border,input,#8295A5,#17232F,5.15,3
dark,border,background,#8295A5,#17232F,5.15,3
dark,border_focus,surface,#8CC6FA,#1E2D3B,7.75,3
dark,border_focus,input,#8CC6FA,#17232F,8.78,3
dark,border_focus,background,#8CC6FA,#17232F,8.78,3
identity,on_identity,identity,#FFFFFF,#102B46,14.42,4.5
identity,placeholder,identity,#D8BC71,#102B46,7.80,4.5
